technology_id,universe,ticker,name,confidence,total_return,spy_return,excess_return,start_date,end_date,delisted
31,all,NVDA,NVIDIA,direct,773.631329,5.386413,768.244917,2013-02-01,2026-08-31,0
31,all,GOOGL,Alphabet,direct,16.638822,5.386413,11.25241,2013-02-01,2026-08-31,0
31,all,MSFT,Microsoft,exposed,21.696799,5.386413,16.310387,2013-02-01,2026-08-31,0
31,all,IBM,IBM,direct,1.005708,5.386413,-4.380705,2013-02-01,2026-08-31,0
31,all,INTC,Intel,exposed,4.859905,5.386413,-0.526508,2013-02-01,2026-08-31,0
31,all,AMD,Advanced Micro Devices,direct,180.046154,5.386413,174.659742,2013-02-01,2026-08-31,0
31,all,BIDU,Baidu,exposed,-0.122733,5.386413,-5.509145,2013-02-01,2026-08-31,0
31,direct,NVDA,NVIDIA,direct,773.631329,5.386413,768.244917,2013-02-01,2026-08-31,0
31,direct,GOOGL,Alphabet,direct,16.638822,5.386413,11.25241,2013-02-01,2026-08-31,0
31,direct,IBM,IBM,direct,1.005708,5.386413,-4.380705,2013-02-01,2026-08-31,0
31,direct,AMD,Advanced Micro Devices,direct,180.046154,5.386413,174.659742,2013-02-01,2026-08-31,0
32,all,FSLR,First Solar,direct,6.126721,5.386413,0.740308,2013-02-01,2026-08-31,0
32,all,ENPH,Enphase Energy,exposed,7.92647,5.386413,2.540058,2013-02-01,2026-08-31,0
32,all,CSIQ,Canadian Solar,direct,1.680435,5.386413,-3.705978,2013-02-01,2026-08-31,0
32,all,ARRY,Array Technologies,exposed,-0.880384,1.387343,-2.267727,2020-10-15,2026-09-01,0
32,direct,FSLR,First Solar,direct,6.126721,5.386413,0.740308,2013-02-01,2026-08-31,0
32,direct,CSIQ,Canadian Solar,direct,1.680435,5.386413,-3.705978,2013-02-01,2026-08-31,0
34,all,META,Meta Platforms,exposed,18.42032,5.386413,13.033907,2013-02-01,2026-08-31,0
34,all,SNAP,Snap,direct,-0.773284,2.738258,-3.511543,2017-03-02,2026-08-31,0
34,direct,SNAP,Snap,direct,-0.773284,2.738258,-3.511543,2017-03-02,2026-08-31,0
35,all,AAPL,Apple,exposed,22.147849,5.386413,16.761437,2013-02-01,2026-08-31,0
35,all,GRMN,Garmin,direct,10.160684,5.386413,4.774271,2013-02-01,2026-08-31,0
35,all,FIT,Fitbit,direct,,1.925868,,,,1
35,direct,GRMN,Garmin,direct,10.160684,5.386413,4.774271,2013-02-01,2026-08-31,0
35,direct,FIT,Fitbit,direct,,1.925868,,,,1
36,all,DE,Deere & Company,direct,8.695268,4.435854,4.259414,2014-02-03,2026-08-31,0
36,all,HON,Honeywell,exposed,2.31641,4.435854,-2.119444,2014-02-03,2026-08-31,0
36,all,TRMB,Trimble,direct,0.91488,4.435854,-3.520974,2014-02-03,2026-09-01,0
36,all,AGCO,AGCO,exposed,1.970831,4.435854,-2.465023,2014-02-03,2026-09-01,0
36,direct,DE,Deere & Company,direct,8.695268,4.435854,4.259414,2014-02-03,2026-08-31,0
36,direct,TRMB,Trimble,direct,0.91488,4.435854,-3.520974,2014-02-03,2026-09-01,0
39,all,NVDA,NVIDIA,exposed,604.379257,4.435854,599.943404,2014-02-03,2026-08-31,0
39,all,IBM,IBM,direct,1.334861,4.435854,-3.100993,2014-02-03,2026-08-31,0
39,all,INTC,Intel,direct,4.025693,4.435854,-0.41016,2014-02-03,2026-08-31,0
39,direct,IBM,IBM,direct,1.334861,4.435854,-3.100993,2014-02-03,2026-08-31,0
39,direct,INTC,Intel,direct,4.025693,4.435854,-0.41016,2014-02-03,2026-08-31,0
40,all,CRSP,CRISPR Therapeutics,direct,3.044003,3.181282,-0.137279,2016-10-19,2026-08-31,0
40,all,EDIT,Editas Medicine,direct,-0.831868,3.756103,-4.587971,2016-02-03,2026-08-31,0
40,all,NTLA,Intellia Therapeutics,direct,-0.423982,3.400027,-3.824009,2016-05-06,2026-08-31,0
40,all,VRTX,Vertex Pharmaceuticals,exposed,6.014299,4.435854,1.578446,2014-02-03,2026-08-31,0
40,all,BEAM,Beam Therapeutics,direct,0.547733,1.519634,-0.9719,2020-02-06,2026-09-01,0
40,all,PRME,Prime Medicine,direct,-0.767729,1.205421,-1.973151,2022-10-20,2026-09-01,0
40,direct,CRSP,CRISPR Therapeutics,direct,3.044003,3.181282,-0.137279,2016-10-19,2026-08-31,0
40,direct,EDIT,Editas Medicine,direct,-0.831868,3.756103,-4.587971,2016-02-03,2026-08-31,0
40,direct,NTLA,Intellia Therapeutics,direct,-0.423982,3.400027,-3.824009,2016-05-06,2026-08-31,0
40,direct,BEAM,Beam Therapeutics,direct,0.547733,1.519634,-0.9719,2020-02-06,2026-09-01,0
40,direct,PRME,Prime Medicine,direct,-0.767729,1.205421,-1.973151,2022-10-20,2026-09-01,0
43,all,META,Meta Platforms,direct,8.39112,4.435854,3.955267,2014-02-03,2026-08-31,0
43,all,AAPL,Apple,exposed,19.423523,4.435854,14.987669,2014-02-03,2026-08-31,0
43,all,SNAP,Snap,exposed,-0.773284,2.738258,-3.511543,2017-03-02,2026-08-31,0
43,all,U,Unity Software,exposed,-0.401317,1.509002,-1.910319,2020-09-18,2026-09-01,0
43,direct,META,Meta Platforms,direct,8.39112,4.435854,3.955267,2014-02-03,2026-08-31,0
45,all,FSLR,First Solar,direct,3.175801,4.435854,-1.260052,2014-02-03,2026-08-31,0
45,all,ENPH,Enphase Energy,direct,4.476691,4.435854,0.040838,2014-02-03,2026-08-31,0
45,all,RUN,Sunrun,exposed,-0.204271,3.379566,-3.583837,2015-08-05,2026-08-31,0
45,direct,FSLR,First Solar,direct,3.175801,4.435854,-1.260052,2014-02-03,2026-08-31,0
45,direct,ENPH,Enphase Energy,direct,4.476691,4.435854,0.040838,2014-02-03,2026-08-31,0
46,all,META,Meta Platforms,exposed,6.699242,3.598936,3.100305,2015-02-02,2026-08-31,0
46,all,SNAP,Snap,exposed,-0.773284,2.738258,-3.511543,2017-03-02,2026-08-31,0
49,all,GOOGL,Alphabet,direct,11.865806,3.598936,8.26687,2015-02-02,2026-08-31,0
49,direct,GOOGL,Alphabet,direct,11.865806,3.598936,8.26687,2015-02-02,2026-08-31,0
50,all,ILMN,Illumina,exposed,0.127543,3.598936,-3.471393,2015-02-02,2026-08-31,0
50,all,GH,Guardant Health,direct,3.938509,1.979715,1.958794,2018-10-04,2026-08-31,0
50,all,EXAS,Exact Sciences,direct,,3.598936,,,,0
50,all,NTRA,Natera,direct,16.886666,3.433809,13.452857,2015-07-01,2026-08-31,0
50,all,CDNA,CareDx,direct,5.946099,3.598936,2.347163,2015-02-02,2026-09-01,0
50,all,GRAL,GRAIL,direct,4.841142,0.455116,4.386026,2024-06-12,2026-09-01,0
50,all,VCYT,Veracyte,exposed,4.296341,3.598936,0.697405,2015-02-02,2026-09-01,0
50,direct,GH,Guardant Health,direct,3.938509,1.979715,1.958794,2018-10-04,2026-08-31,0
50,direct,EXAS,Exact Sciences,direct,,3.598936,,,,0
50,direct,NTRA,Natera,direct,16.886666,3.433809,13.452857,2015-07-01,2026-08-31,0
50,direct,CDNA,CareDx,direct,5.946099,3.598936,2.347163,2015-02-02,2026-09-01,0
50,direct,GRAL,GRAIL,direct,4.841142,0.455116,4.386026,2024-06-12,2026-09-01,0
52,all,AAPL,Apple,direct,11.08065,3.598936,7.481714,2015-02-02,2026-08-31,0
52,all,V,Visa,exposed,5.457616,3.598936,1.85868,2015-02-02,2026-08-31,0
52,all,MA,Mastercard,exposed,6.618586,3.598936,3.01965,2015-02-02,2026-08-31,0
52,direct,AAPL,Apple,direct,11.08065,3.598936,7.481714,2015-02-02,2026-08-31,0
55,all,ILMN,Illumina,direct,0.127543,3.598936,-3.471393,2015-02-02,2026-08-31,0
55,direct,ILMN,Illumina,direct,0.127543,3.598936,-3.471393,2015-02-02,2026-08-31,0
58,all,GOOGL,Alphabet,direct,7.883559,3.698385,4.185174,2016-02-01,2026-08-31,0
58,all,MSFT,Microsoft,exposed,9.656757,3.698385,5.958372,2016-02-01,2026-08-31,0
58,all,AMZN,Amazon,direct,8.038465,3.698385,4.340079,2016-02-01,2026-08-31,0
58,all,AAPL,Apple,exposed,13.612862,3.698385,9.914477,2016-02-01,2026-08-31,0
58,all,SOUN,SoundHound AI,direct,-0.086667,0.899649,-0.986316,2022-04-28,2026-09-01,0
58,direct,GOOGL,Alphabet,direct,7.883559,3.698385,4.185174,2016-02-01,2026-08-31,0
58,direct,AMZN,Amazon,direct,8.038465,3.698385,4.340079,2016-02-01,2026-08-31,0
58,direct,SOUN,SoundHound AI,direct,-0.086667,0.899649,-0.986316,2022-04-28,2026-09-01,0
59,all,RKLB,Rocket Lab,exposed,5.559934,1.284019,4.275915,2020-11-24,2026-08-31,0
59,all,BA,Boeing,direct,0.905905,3.698385,-2.79248,2016-02-01,2026-08-31,0
59,all,LMT,Lockheed Martin,exposed,2.535553,3.698385,-1.162832,2016-02-01,2026-08-31,0
59,all,LUNR,Intuitive Machines,exposed,0.525389,0.747506,-0.222118,2021-11-17,2026-09-01,0
59,all,RDW,Redwire,exposed,-0.014409,1.182742,-1.197151,2021-01-14,2026-09-01,0
59,direct,BA,Boeing,direct,0.905905,3.698385,-2.79248,2016-02-01,2026-08-31,0
62,all,TSLA,Tesla,direct,27.025035,3.698385,23.326649,2016-02-01,2026-08-31,0
62,direct,TSLA,Tesla,direct,27.025035,3.698385,23.326649,2016-02-01,2026-08-31,0
63,all,MSFT,Microsoft,exposed,9.656757,3.698385,5.958372,2016-02-01,2026-08-31,0
63,all,CRM,Salesforce,exposed,2.828106,3.698385,-0.87028,2016-02-01,2026-08-31,0
63,all,WORK,Slack Technologies,direct,,1.487739,,,,1
63,direct,WORK,Slack Technologies,direct,,1.487739,,,,1
64,all,TSLA,Tesla,direct,27.025035,3.698385,23.326649,2016-02-01,2026-08-31,0
64,all,GM,General Motors,exposed,2.579503,3.698385,-1.118882,2016-02-01,2026-08-31,0
64,all,MBLY,Mobileye,exposed,-0.705557,1.109531,-1.815088,2022-10-26,2026-08-31,0
64,all,AUR,Aurora Innovation,direct,-0.454,0.970099,-1.424099,2021-05-10,2026-09-01,0
64,direct,TSLA,Tesla,direct,27.025035,3.698385,23.326649,2016-02-01,2026-08-31,0
64,direct,AUR,Aurora Innovation,direct,-0.454,0.970099,-1.424099,2021-05-10,2026-09-01,0
66,all,TSLA,Tesla,exposed,21.144321,2.913167,18.231154,2017-02-01,2026-08-31,0
66,all,GM,General Motors,exposed,1.843049,2.913167,-1.070117,2017-02-01,2026-08-31,0
66,all,AUR,Aurora Innovation,direct,-0.454,0.970099,-1.424099,2021-05-10,2026-09-01,0
66,direct,AUR,Aurora Innovation,direct,-0.454,0.970099,-1.424099,2021-05-10,2026-09-01,0
68,all,GOOGL,Alphabet,direct,7.398977,2.913167,4.48581,2017-02-01,2026-08-31,0
68,all,IBM,IBM,direct,1.109445,2.913167,-1.803722,2017-02-01,2026-08-31,0
68,all,IONQ,IonQ,exposed,2.639815,1.239975,1.39984,2021-01-04,2026-08-31,0
68,all,RGTI,Rigetti Computing,exposed,0.581818,0.997195,-0.415377,2021-04-22,2026-08-31,0
68,all,QBTS,D-Wave Quantum,exposed,0.629557,1.264815,-0.635258,2020-12-11,2026-09-01,0
68,direct,GOOGL,Alphabet,direct,7.398977,2.913167,4.48581,2017-02-01,2026-08-31,0
68,direct,IBM,IBM,direct,1.109445,2.913167,-1.803722,2017-02-01,2026-08-31,0
71,all,VRTX,Vertex Pharmaceuticals,exposed,5.314008,2.913167,2.400841,2017-02-01,2026-08-31,0
71,all,SRPT,Sarepta Therapeutics,direct,-0.27732,2.913167,-3.190486,2017-02-01,2026-08-31,0
71,all,BMRN,BioMarin,direct,-0.263687,2.913167,-3.176853,2017-02-01,2026-08-31,0
71,all,QURE,uniQure,direct,7.367133,2.913167,4.453966,2017-02-01,2026-09-01,0
71,all,RGNX,REGENXBIO,direct,-0.500268,2.913167,-3.413435,2017-02-01,2026-09-01,0
71,direct,SRPT,Sarepta Therapeutics,direct,-0.27732,2.913167,-3.190486,2017-02-01,2026-08-31,0
71,direct,BMRN,BioMarin,direct,-0.263687,2.913167,-3.176853,2017-02-01,2026-08-31,0
71,direct,QURE,uniQure,direct,7.367133,2.913167,4.453966,2017-02-01,2026-09-01,0
71,direct,RGNX,REGENXBIO,direct,-0.500268,2.913167,-3.413435,2017-02-01,2026-09-01,0
74,all,NVDA,NVIDIA,exposed,77.770217,2.913167,74.85705,2017-02-01,2026-08-31,0
74,all,GOOGL,Alphabet,direct,7.398977,2.913167,4.48581,2017-02-01,2026-08-31,0
74,all,MSFT,Microsoft,exposed,7.925135,2.913167,5.011968,2017-02-01,2026-08-31,0
74,all,TSLA,Tesla,exposed,21.144321,2.913167,18.231154,2017-02-01,2026-08-31,0
74,direct,GOOGL,Alphabet,direct,7.398977,2.913167,4.48581,2017-02-01,2026-08-31,0
75,all,DDD,3D Systems,direct,-0.679688,2.102951,-2.782638,2018-02-01,2026-08-31,0
75,all,SSYS,Stratasys,direct,-0.637172,2.102951,-2.740123,2018-02-01,2026-08-31,0
75,all,HON,Honeywell,exposed,0.68844,2.102951,-1.41451,2018-02-01,2026-08-31,0
75,all,MTLS,Materialise,direct,-0.463526,2.102951,-2.566476,2018-02-01,2026-09-01,0
75,direct,DDD,3D Systems,direct,-0.679688,2.102951,-2.782638,2018-02-01,2026-08-31,0
75,direct,SSYS,Stratasys,direct,-0.637172,2.102951,-2.740123,2018-02-01,2026-08-31,0
75,direct,MTLS,Materialise,direct,-0.463526,2.102951,-2.566476,2018-02-01,2026-09-01,0
78,all,GOOGL,Alphabet,direct,4.794888,2.102951,2.691938,2018-02-01,2026-08-31,0
78,all,MSFT,Microsoft,direct,4.88867,2.102951,2.78572,2018-02-01,2026-08-31,0
78,all,AMZN,Amazon,direct,2.737698,2.102951,0.634747,2018-02-01,2026-08-31,0
78,all,CRM,Salesforce,exposed,1.323892,2.102951,-0.779059,2018-02-01,2026-08-31,0
78,all,PATH,UiPath,direct,-0.737101,0.978954,-1.716055,2021-04-21,2026-09-01,0
78,all,AI,C3.ai,direct,-0.888204,1.261418,-2.149623,2020-12-09,2026-09-01,0
78,direct,GOOGL,Alphabet,direct,4.794888,2.102951,2.691938,2018-02-01,2026-08-31,0
78,direct,MSFT,Microsoft,direct,4.88867,2.102951,2.78572,2018-02-01,2026-08-31,0
78,direct,AMZN,Amazon,direct,2.737698,2.102951,0.634747,2018-02-01,2026-08-31,0
78,direct,PATH,UiPath,direct,-0.737101,0.978954,-1.716055,2021-04-21,2026-09-01,0
78,direct,AI,C3.ai,direct,-0.888204,1.261418,-2.149623,2020-12-09,2026-09-01,0
79,all,NVDA,NVIDIA,direct,36.176849,2.102951,34.073899,2018-02-01,2026-08-31,0
79,all,META,Meta Platforms,exposed,1.99014,2.102951,-0.112811,2018-02-01,2026-08-31,0
79,all,ADBE,Adobe,exposed,0.468502,2.102951,-1.634448,2018-02-01,2026-08-31,0
79,direct,NVDA,NVIDIA,direct,36.176849,2.102951,34.073899,2018-02-01,2026-08-31,0
83,all,ILMN,Illumina,direct,-0.046369,2.102951,-2.14932,2018-02-01,2026-08-31,0
83,all,NTRA,Natera,exposed,29.546489,2.102951,27.443538,2018-02-01,2026-08-31,0
83,all,VCYT,Veracyte,exposed,5.90461,2.102951,3.80166,2018-02-01,2026-09-01,0
83,direct,ILMN,Illumina,direct,-0.046369,2.102951,-2.14932,2018-02-01,2026-08-31,0
86,all,CEG,Constellation Energy,exposed,5.796191,0.804568,4.991624,2022-01-19,2026-08-31,0
86,all,SMR,NuScale Power,exposed,-0.078529,0.895933,-0.974462,2022-03-01,2026-08-31,0
86,all,OKLO,Oklo,exposed,3.06513,0.904526,2.160604,2021-07-08,2026-08-31,0
86,all,BWXT,BWX Technologies,direct,2.568276,2.175004,0.393271,2019-02-01,2026-08-31,0
86,all,CCJ,Cameco,exposed,7.14815,2.175004,4.973146,2019-02-01,2026-09-01,0
86,all,UEC,Uranium Energy,exposed,7.915385,2.175004,5.74038,2019-02-01,2026-09-01,0
86,direct,BWXT,BWX Technologies,direct,2.568276,2.175004,0.393271,2019-02-01,2026-08-31,0
90,all,BYND,Beyond Meat,direct,-0.797719,1.931799,-2.729518,2019-05-02,2026-08-31,0
90,all,TSN,Tyson Foods,exposed,0.102783,2.175004,-2.072221,2019-02-01,2026-08-31,0
90,all,OTLY,Oatly,direct,-0.963614,0.982719,-1.946332,2021-05-20,2026-09-01,0
90,direct,BYND,Beyond Meat,direct,-0.797719,1.931799,-2.729518,2019-05-02,2026-08-31,0
90,direct,OTLY,Oatly,direct,-0.963614,0.982719,-1.946332,2021-05-20,2026-09-01,0
92,all,AAPL,Apple,direct,7.026465,2.175004,4.851461,2019-02-01,2026-08-31,0
92,all,IRTC,iRhythm Technologies,direct,0.414269,2.175004,-1.760735,2019-02-01,2026-08-31,0
92,direct,AAPL,Apple,direct,7.026465,2.175004,4.851461,2019-02-01,2026-08-31,0
92,direct,IRTC,iRhythm Technologies,direct,0.414269,2.175004,-1.760735,2019-02-01,2026-08-31,0
94,all,GOOGL,Alphabet,direct,5.121097,2.175004,2.946093,2019-02-01,2026-08-31,0
94,all,MSFT,Microsoft,exposed,4.308628,2.175004,2.133623,2019-02-01,2026-08-31,0
94,all,AMZN,Amazon,direct,2.194751,2.175004,0.019747,2019-02-01,2026-08-31,0
94,all,SOUN,SoundHound AI,direct,-0.086667,0.899649,-0.986316,2022-04-28,2026-09-01,0
94,direct,GOOGL,Alphabet,direct,5.121097,2.175004,2.946093,2019-02-01,2026-08-31,0
94,direct,AMZN,Amazon,direct,2.194751,2.175004,0.019747,2019-02-01,2026-08-31,0
94,direct,SOUN,SoundHound AI,direct,-0.086667,0.899649,-0.986316,2022-04-28,2026-09-01,0
97,all,COIN,Coinbase,exposed,-0.426953,1.001175,-1.428128,2021-04-14,2026-08-31,0
97,all,PYPL,PayPal,direct,-0.544064,1.596283,-2.140347,2020-02-03,2026-08-31,0
97,all,XYZ,Block,direct,0.027819,1.596283,-1.568463,2020-02-03,2026-08-31,0
97,all,MSTR,Strategy (MicroStrategy),exposed,7.893498,1.596283,6.297215,2020-02-03,2026-08-31,0
97,all,AFRM,Affirm,direct,-0.274218,1.175097,-1.449315,2021-01-13,2026-09-01,0
97,all,HOOD,Robinhood,exposed,1.972717,0.862472,1.110244,2021-07-29,2026-09-01,0
97,direct,PYPL,PayPal,direct,-0.544064,1.596283,-2.140347,2020-02-03,2026-08-31,0
97,direct,XYZ,Block,direct,0.027819,1.596283,-1.568463,2020-02-03,2026-08-31,0
97,direct,AFRM,Affirm,direct,-0.274218,1.175097,-1.449315,2021-01-13,2026-09-01,0
100,all,RKLB,Rocket Lab,exposed,5.559934,1.284019,4.275915,2020-11-24,2026-08-31,0
100,all,ASTS,AST SpaceMobile,exposed,4.904096,1.596283,3.307813,2020-02-03,2026-08-31,0
100,all,IRDM,Iridium Communications,direct,0.890855,1.596283,-0.705428,2020-02-03,2026-08-31,0
100,all,LUNR,Intuitive Machines,exposed,0.525389,0.747506,-0.222118,2021-11-17,2026-09-01,0
100,direct,IRDM,Iridium Communications,direct,0.890855,1.596283,-0.705428,2020-02-03,2026-08-31,0
101,all,GOOGL,Alphabet,direct,3.618361,1.596283,2.022078,2020-02-03,2026-08-31,0
101,all,IBM,IBM,direct,1.209024,1.596283,-0.387259,2020-02-03,2026-08-31,0
101,all,IONQ,IonQ,exposed,2.639815,1.239975,1.39984,2021-01-04,2026-08-31,0
101,all,QBTS,D-Wave Quantum,exposed,0.629557,1.264815,-0.635258,2020-12-11,2026-09-01,0
101,direct,GOOGL,Alphabet,direct,3.618361,1.596283,2.022078,2020-02-03,2026-08-31,0
101,direct,IBM,IBM,direct,1.209024,1.596283,-0.387259,2020-02-03,2026-08-31,0
102,all,NVDA,NVIDIA,direct,35.955297,1.596283,34.359014,2020-02-03,2026-08-31,0
102,all,AAPL,Apple,direct,3.266126,1.596283,1.669843,2020-02-03,2026-08-31,0
102,all,AMD,Advanced Micro Devices,exposed,8.802582,1.596283,7.2063,2020-02-03,2026-08-31,0
102,all,QCOM,Qualcomm,direct,1.222897,1.596283,-0.373386,2020-02-03,2026-09-01,0
102,direct,NVDA,NVIDIA,direct,35.955297,1.596283,34.359014,2020-02-03,2026-08-31,0
102,direct,AAPL,Apple,direct,3.266126,1.596283,1.669843,2020-02-03,2026-08-31,0
102,direct,QCOM,Qualcomm,direct,1.222897,1.596283,-0.373386,2020-02-03,2026-09-01,0
105,all,MRNA,Moderna,direct,-0.108839,1.195679,-1.304518,2021-02-01,2026-08-31,0
105,all,BNTX,BioNTech,direct,-0.113214,1.195679,-1.308893,2021-02-01,2026-08-31,0
105,all,PFE,Pfizer,direct,0.055446,1.195679,-1.140233,2021-02-01,2026-08-31,0
105,all,NVAX,Novavax,exposed,-0.965076,1.195679,-2.160755,2021-02-01,2026-08-31,0
105,direct,MRNA,Moderna,direct,-0.108839,1.195679,-1.304518,2021-02-01,2026-08-31,0
105,direct,BNTX,BioNTech,direct,-0.113214,1.195679,-1.308893,2021-02-01,2026-08-31,0
105,direct,PFE,Pfizer,direct,0.055446,1.195679,-1.140233,2021-02-01,2026-08-31,0
106,all,NVDA,NVIDIA,exposed,15.746312,1.195679,14.550633,2021-02-01,2026-08-31,0
106,all,GOOGL,Alphabet,exposed,2.616972,1.195679,1.421293,2021-02-01,2026-08-31,0
106,all,MSFT,Microsoft,direct,1.220048,1.195679,0.02437,2021-02-01,2026-08-31,0
106,all,AMZN,Amazon,exposed,0.554169,1.195679,-0.64151,2021-02-01,2026-08-31,0
106,all,PLTR,Palantir,exposed,4.488222,1.195679,3.292543,2021-02-01,2026-08-31,0
106,all,SMCI,Super Micro Computer,exposed,10.639188,1.195679,9.443509,2021-02-01,2026-09-01,0
106,direct,MSFT,Microsoft,direct,1.220048,1.195679,0.02437,2021-02-01,2026-08-31,0
109,all,TSLA,Tesla,exposed,0.314404,1.195679,-0.881274,2021-02-01,2026-08-31,0
109,all,QS,QuantumScape,direct,-0.867942,1.195679,-2.063621,2021-02-01,2026-08-31,0
109,all,ALB,Albemarle,exposed,-0.134916,1.195679,-1.330594,2021-02-01,2026-08-31,0
109,direct,QS,QuantumScape,direct,-0.867942,1.195679,-2.063621,2021-02-01,2026-08-31,0
110,all,PLUG,Plug Power,direct,-0.966171,1.195679,-2.16185,2021-02-01,2026-08-31,0
110,all,BE,Bloom Energy,direct,4.538255,1.195679,3.342576,2021-02-01,2026-08-31,0
110,all,APD,Air Products,exposed,0.318755,1.195679,-0.876924,2021-02-01,2026-08-31,0
110,direct,PLUG,Plug Power,direct,-0.966171,1.195679,-2.16185,2021-02-01,2026-08-31,0
110,direct,BE,Bloom Energy,direct,4.538255,1.195679,3.342576,2021-02-01,2026-08-31,0
113,all,MSFT,Microsoft,direct,1.220048,1.195679,0.02437,2021-02-01,2026-08-31,0
113,all,NOW,ServiceNow,exposed,0.324746,1.195679,-0.870933,2021-02-01,2026-08-31,0
113,all,CRM,Salesforce,exposed,0.14679,1.195679,-1.048889,2021-02-01,2026-08-31,0
113,all,PATH,UiPath,exposed,-0.737101,0.978954,-1.716055,2021-04-21,2026-09-01,0
113,all,ZM,Zoom Communications,direct,-0.751525,1.195679,-1.947204,2021-02-01,2026-09-01,0
113,direct,MSFT,Microsoft,direct,1.220048,1.195679,0.02437,2021-02-01,2026-08-31,0
113,direct,ZM,Zoom Communications,direct,-0.751525,1.195679,-1.947204,2021-02-01,2026-09-01,0
115,all,MSFT,Microsoft,exposed,0.70881,0.799787,-0.090978,2022-02-01,2026-08-31,0
115,all,AAPL,Apple,exposed,0.857725,0.799787,0.057938,2022-02-01,2026-08-31,0
115,all,OKTA,Okta,direct,-0.1409,0.799787,-0.940687,2022-02-01,2026-08-31,0
115,direct,OKTA,Okta,direct,-0.1409,0.799787,-0.940687,2022-02-01,2026-08-31,0
117,all,ENPH,Enphase Energy,exposed,-0.744726,0.799787,-1.544513,2022-02-01,2026-08-31,0
117,all,TSLA,Tesla,direct,0.185342,0.799787,-0.614445,2022-02-01,2026-08-31,0
117,all,FLNC,Fluence Energy,direct,-0.435804,0.799787,-1.235591,2022-02-01,2026-08-31,0
117,direct,TSLA,Tesla,direct,0.185342,0.799787,-0.614445,2022-02-01,2026-08-31,0
117,direct,FLNC,Fluence Energy,direct,-0.435804,0.799787,-1.235591,2022-02-01,2026-08-31,0
118,all,PFE,Pfizer,exposed,-0.312598,0.799787,-1.112386,2022-02-01,2026-08-31,0
118,all,RXRX,Recursion Pharmaceuticals,direct,-0.724919,0.799787,-1.524706,2022-02-01,2026-08-31,0
118,all,SDGR,Schrödinger,direct,-0.340548,0.799787,-1.140335,2022-02-01,2026-08-31,0
118,direct,RXRX,Recursion Pharmaceuticals,direct,-0.724919,0.799787,-1.524706,2022-02-01,2026-08-31,0
118,direct,SDGR,Schrödinger,direct,-0.340548,0.799787,-1.140335,2022-02-01,2026-08-31,0
120,all,COIN,Coinbase,direct,-0.048602,0.799787,-0.848389,2022-02-01,2026-08-31,0
120,all,MSTR,Strategy (MicroStrategy),exposed,2.564075,0.799787,1.764288,2022-02-01,2026-08-31,0
120,direct,COIN,Coinbase,direct,-0.048602,0.799787,-0.848389,2022-02-01,2026-08-31,0
125,all,CRSP,CRISPR Therapeutics,direct,0.088859,0.952773,-0.863914,2023-02-01,2026-08-31,0
125,all,NTLA,Intellia Therapeutics,direct,-0.704983,0.952773,-1.657756,2023-02-01,2026-08-31,0
125,all,VRTX,Vertex Pharmaceuticals,exposed,0.716267,0.952773,-0.236506,2023-02-01,2026-08-31,0
125,all,REGN,Regeneron,exposed,0.064144,0.952773,-0.88863,2023-02-01,2026-08-31,0
125,all,VERV,Verve Therapeutics,direct,,0.604169,,,,1
125,direct,CRSP,CRISPR Therapeutics,direct,0.088859,0.952773,-0.863914,2023-02-01,2026-08-31,0
125,direct,NTLA,Intellia Therapeutics,direct,-0.704983,0.952773,-1.657756,2023-02-01,2026-08-31,0
125,direct,VERV,Verve Therapeutics,direct,,0.604169,,,,1
126,all,NVDA,NVIDIA,exposed,9.565369,0.952773,8.612596,2023-02-01,2026-08-31,0
126,all,GOOGL,Alphabet,direct,2.408933,0.952773,1.45616,2023-02-01,2026-08-31,0
126,all,MSFT,Microsoft,direct,1.068107,0.952773,0.115334,2023-02-01,2026-08-31,0
126,all,ADBE,Adobe,direct,-0.237367,0.952773,-1.19014,2023-02-01,2026-08-31,0
126,direct,GOOGL,Alphabet,direct,2.408933,0.952773,1.45616,2023-02-01,2026-08-31,0
126,direct,MSFT,Microsoft,direct,1.068107,0.952773,0.115334,2023-02-01,2026-08-31,0
126,direct,ADBE,Adobe,direct,-0.237367,0.952773,-1.19014,2023-02-01,2026-08-31,0
127,all,NVDA,NVIDIA,direct,9.565369,0.952773,8.612596,2023-02-01,2026-08-31,0
127,all,INTC,Intel,exposed,2.193187,0.952773,1.240414,2023-02-01,2026-08-31,0
127,all,AMD,Advanced Micro Devices,direct,4.561437,0.952773,3.608663,2023-02-01,2026-08-31,0
127,all,TSM,TSMC,exposed,3.617057,0.952773,2.664284,2023-02-01,2026-08-31,0
127,direct,NVDA,NVIDIA,direct,9.565369,0.952773,8.612596,2023-02-01,2026-08-31,0
127,direct,AMD,Advanced Micro Devices,direct,4.561437,0.952773,3.608663,2023-02-01,2026-08-31,0
128,all,LMT,Lockheed Martin,exposed,0.333029,0.952773,-0.619745,2023-02-01,2026-08-31,0
128,all,AVAV,AeroVironment,direct,0.592335,0.952773,-0.360438,2023-02-01,2026-09-01,0
128,direct,AVAV,AeroVironment,direct,0.592335,0.952773,-0.360438,2023-02-01,2026-09-01,0
131,all,TSLA,Tesla,direct,1.028279,0.952773,0.075505,2023-02-01,2026-08-31,0
131,all,GM,General Motors,exposed,1.276562,0.952773,0.323789,2023-02-01,2026-08-31,0
131,all,RIVN,Rivian,direct,-0.185185,0.952773,-1.137959,2023-02-01,2026-08-31,0
131,all,LCID,Lucid Group,direct,-0.959054,0.952773,-1.911828,2023-02-01,2026-08-31,0
131,all,F,Ford,exposed,0.328254,0.952773,-0.624519,2023-02-01,2026-08-31,0
131,direct,TSLA,Tesla,direct,1.028279,0.952773,0.075505,2023-02-01,2026-08-31,0
131,direct,RIVN,Rivian,direct,-0.185185,0.952773,-1.137959,2023-02-01,2026-08-31,0
131,direct,LCID,Lucid Group,direct,-0.959054,0.952773,-1.911828,2023-02-01,2026-08-31,0
134,all,TSLA,Tesla,exposed,1.028279,0.952773,0.075505,2023-02-01,2026-08-31,0
134,all,ALB,Albemarle,exposed,-0.503893,0.952773,-1.456666,2023-02-01,2026-08-31,0
135,all,NVDA,NVIDIA,direct,2.509169,0.615268,1.893901,2024-02-01,2026-08-31,0
135,all,GOOGL,Alphabet,direct,1.425326,0.615268,0.810058,2024-02-01,2026-08-31,0
135,all,MSFT,Microsoft,direct,0.283174,0.615268,-0.332094,2024-02-01,2026-08-31,0
135,all,AMZN,Amazon,exposed,0.630901,0.615268,0.015633,2024-02-01,2026-08-31,0
135,all,META,Meta Platforms,exposed,0.462501,0.615268,-0.152767,2024-02-01,2026-08-31,0
135,all,PLTR,Palantir,exposed,10.41335,0.615268,9.798082,2024-02-01,2026-08-31,0
135,all,SMCI,Super Micro Computer,exposed,-0.370865,0.615268,-0.986134,2024-02-01,2026-09-01,0
135,all,PATH,UiPath,direct,-0.215058,0.615268,-0.830327,2024-02-01,2026-09-01,0
135,all,AI,C3.ai,direct,-0.585571,0.615268,-1.20084,2024-02-01,2026-09-01,0
135,direct,NVDA,NVIDIA,direct,2.509169,0.615268,1.893901,2024-02-01,2026-08-31,0
135,direct,GOOGL,Alphabet,direct,1.425326,0.615268,0.810058,2024-02-01,2026-08-31,0
135,direct,MSFT,Microsoft,direct,0.283174,0.615268,-0.332094,2024-02-01,2026-08-31,0
135,direct,PATH,UiPath,direct,-0.215058,0.615268,-0.830327,2024-02-01,2026-09-01,0
135,direct,AI,C3.ai,direct,-0.585571,0.615268,-1.20084,2024-02-01,2026-09-01,0
136,all,FSLR,First Solar,direct,0.365204,0.615268,-0.250065,2024-02-01,2026-08-31,0
136,all,ENPH,Enphase Energy,direct,-0.65459,0.615268,-1.269859,2024-02-01,2026-08-31,0
136,all,SEDG,SolarEdge,exposed,-0.535152,0.615268,-1.150421,2024-02-01,2026-08-31,0
136,all,ARRY,Array Technologies,exposed,-0.682216,0.615268,-1.297484,2024-02-01,2026-09-01,0
136,direct,FSLR,First Solar,direct,0.365204,0.615268,-0.250065,2024-02-01,2026-08-31,0
136,direct,ENPH,Enphase Energy,direct,-0.65459,0.615268,-1.269859,2024-02-01,2026-08-31,0
137,all,META,Meta Platforms,exposed,0.462501,0.615268,-0.152767,2024-02-01,2026-08-31,0
137,all,AAPL,Apple,direct,0.716327,0.615268,0.101059,2024-02-01,2026-08-31,0
137,all,U,Unity Software,exposed,0.27995,0.615268,-0.335318,2024-02-01,2026-09-01,0
137,direct,AAPL,Apple,direct,0.716327,0.615268,0.101059,2024-02-01,2026-08-31,0
138,all,PFE,Pfizer,exposed,0.229441,0.615268,-0.385827,2024-02-01,2026-08-31,0
138,all,LLY,Eli Lilly,direct,0.784641,0.615268,0.169373,2024-02-01,2026-08-31,0
138,all,NVO,Novo Nordisk,direct,-0.573003,0.615268,-1.188271,2024-02-01,2026-08-31,0
138,all,AMGN,Amgen,exposed,0.437767,0.615268,-0.177501,2024-02-01,2026-08-31,0
138,all,VKTX,Viking Therapeutics,direct,0.405845,0.615268,-0.209423,2024-02-01,2026-09-01,0
138,direct,LLY,Eli Lilly,direct,0.784641,0.615268,0.169373,2024-02-01,2026-08-31,0
138,direct,NVO,Novo Nordisk,direct,-0.573003,0.615268,-1.188271,2024-02-01,2026-08-31,0
138,direct,VKTX,Viking Therapeutics,direct,0.405845,0.615268,-0.209423,2024-02-01,2026-09-01,0
139,all,ORA,Ormat Technologies,direct,0.64124,0.615268,0.025972,2024-02-01,2026-09-01,0
139,direct,ORA,Ormat Technologies,direct,0.64124,0.615268,0.025972,2024-02-01,2026-09-01,0
140,all,INTC,Intel,exposed,1.091993,0.615268,0.476724,2024-02-01,2026-08-31,0
140,all,AMD,Advanced Micro Devices,direct,1.761145,0.615268,1.145877,2024-02-01,2026-08-31,0
140,all,TSM,TSMC,exposed,2.784109,0.615268,2.16884,2024-02-01,2026-08-31,0
140,all,AVGO,Broadcom,direct,2.167598,0.615268,1.552329,2024-02-01,2026-08-31,0
140,direct,AMD,Advanced Micro Devices,direct,1.761145,0.615268,1.145877,2024-02-01,2026-08-31,0
140,direct,AVGO,Broadcom,direct,2.167598,0.615268,1.552329,2024-02-01,2026-08-31,0
141,all,CRSP,CRISPR Therapeutics,direct,-0.118911,0.615268,-0.73418,2024-02-01,2026-08-31,0
141,all,NTLA,Intellia Therapeutics,exposed,-0.496041,0.615268,-1.11131,2024-02-01,2026-08-31,0
141,all,VRTX,Vertex Pharmaceuticals,direct,0.25503,0.615268,-0.360238,2024-02-01,2026-08-31,0
141,all,BEAM,Beam Therapeutics,direct,0.097995,0.615268,-0.517274,2024-02-01,2026-09-01,0
141,direct,CRSP,CRISPR Therapeutics,direct,-0.118911,0.615268,-0.73418,2024-02-01,2026-08-31,0
141,direct,VRTX,Vertex Pharmaceuticals,direct,0.25503,0.615268,-0.360238,2024-02-01,2026-08-31,0
141,direct,BEAM,Beam Therapeutics,direct,0.097995,0.615268,-0.517274,2024-02-01,2026-09-01,0
142,all,NVDA,NVIDIA,direct,2.509169,0.615268,1.893901,2024-02-01,2026-08-31,0
142,all,SMCI,Super Micro Computer,exposed,-0.370865,0.615268,-0.986134,2024-02-01,2026-09-01,0
142,direct,NVDA,NVIDIA,direct,2.509169,0.615268,1.893901,2024-02-01,2026-08-31,0
143,all,CARR,Carrier,direct,0.082988,0.615268,-0.532281,2024-02-01,2026-08-31,0
143,all,JCI,Johnson Controls,direct,1.648727,0.615268,1.033459,2024-02-01,2026-08-31,0
143,all,TT,Trane Technologies,direct,0.677902,0.615268,0.062633,2024-02-01,2026-08-31,0
143,direct,CARR,Carrier,direct,0.082988,0.615268,-0.532281,2024-02-01,2026-08-31,0
143,direct,JCI,Johnson Controls,direct,1.648727,0.615268,1.033459,2024-02-01,2026-08-31,0
143,direct,TT,Trane Technologies,direct,0.677902,0.615268,0.062633,2024-02-01,2026-08-31,0
144,all,META,Meta Platforms,exposed,0.462501,0.615268,-0.152767,2024-02-01,2026-08-31,0
144,all,RDDT,Reddit,direct,1.867565,0.508506,1.359059,2024-03-21,2026-09-01,0
144,direct,RDDT,Reddit,direct,1.867565,0.508506,1.359059,2024-03-21,2026-09-01,0
146,all,GOOGL,Alphabet,direct,0.695187,0.305154,0.390033,2025-02-03,2026-08-31,0
146,all,MSFT,Microsoft,direct,0.251519,0.305154,-0.053635,2025-02-03,2026-08-31,0
146,all,META,Meta Platforms,exposed,-0.175338,0.305154,-0.480491,2025-02-03,2026-08-31,0
146,direct,GOOGL,Alphabet,direct,0.695187,0.305154,0.390033,2025-02-03,2026-08-31,0
146,direct,MSFT,Microsoft,direct,0.251519,0.305154,-0.053635,2025-02-03,2026-08-31,0
147,all,NVDA,NVIDIA,exposed,0.895335,0.305154,0.590181,2025-02-03,2026-08-31,0
147,all,MSFT,Microsoft,direct,0.251519,0.305154,-0.053635,2025-02-03,2026-08-31,0
147,all,AAPL,Apple,direct,0.399717,0.305154,0.094563,2025-02-03,2026-08-31,0
147,all,AMD,Advanced Micro Devices,exposed,3.119367,0.305154,2.814213,2025-02-03,2026-08-31,0
147,all,QCOM,Qualcomm,direct,0.010728,0.305154,-0.294426,2025-02-03,2026-09-01,0
147,direct,MSFT,Microsoft,direct,0.251519,0.305154,-0.053635,2025-02-03,2026-08-31,0
147,direct,AAPL,Apple,direct,0.399717,0.305154,0.094563,2025-02-03,2026-08-31,0
147,direct,QCOM,Qualcomm,direct,0.010728,0.305154,-0.294426,2025-02-03,2026-09-01,0
149,all,GOOGL,Alphabet,direct,0.695187,0.305154,0.390033,2025-02-03,2026-08-31,0
149,all,AMZN,Amazon,exposed,0.094137,0.305154,-0.211017,2025-02-03,2026-08-31,0
149,all,TSLA,Tesla,direct,-0.040998,0.305154,-0.346151,2025-02-03,2026-08-31,0
149,all,GM,General Motors,exposed,0.829017,0.305154,0.523863,2025-02-03,2026-08-31,0
149,all,AUR,Aurora Innovation,direct,-0.195876,0.305154,-0.50103,2025-02-03,2026-09-01,0
149,direct,GOOGL,Alphabet,direct,0.695187,0.305154,0.390033,2025-02-03,2026-08-31,0
149,direct,TSLA,Tesla,direct,-0.040998,0.305154,-0.346151,2025-02-03,2026-08-31,0
149,direct,AUR,Aurora Innovation,direct,-0.195876,0.305154,-0.50103,2025-02-03,2026-09-01,0
151,all,PATH,UiPath,exposed,0.276566,0.305154,-0.028588,2025-02-03,2026-09-01,0
151,all,SYM,Symbotic,direct,0.308456,0.305154,0.003302,2025-02-03,2026-09-01,0
151,direct,SYM,Symbotic,direct,0.308456,0.305154,0.003302,2025-02-03,2026-09-01,0
153,all,CLF,Cleveland-Cliffs,exposed,0.184805,0.305154,-0.120349,2025-02-03,2026-09-01,0
155,all,NVDA,NVIDIA,direct,0.195249,0.109279,0.08597,2026-01-12,2026-08-31,0
155,all,GOOGL,Alphabet,direct,0.023901,0.109279,-0.085378,2026-01-12,2026-08-31,0
155,all,MSFT,Microsoft,direct,0.069844,0.109279,-0.039434,2026-01-12,2026-08-31,0
155,all,AMZN,Amazon,direct,0.053962,0.109279,-0.055317,2026-01-12,2026-08-31,0
155,all,CEG,Constellation Energy,exposed,-0.178261,0.109279,-0.28754,2026-01-12,2026-08-31,0
155,all,EQIX,Equinix,exposed,0.355706,0.109279,0.246427,2026-01-12,2026-08-31,0
155,all,DLR,Digital Realty,exposed,0.191483,0.109279,0.082204,2026-01-12,2026-08-31,0
155,all,VRT,Vertiv,exposed,0.522293,0.109279,0.413014,2026-01-12,2026-08-31,0
155,all,SMCI,Super Micro Computer,direct,0.218791,0.109279,0.109513,2026-01-12,2026-09-01,0
155,all,CRDO,Credo Technology,exposed,0.323957,0.109279,0.214678,2026-01-12,2026-09-01,0
155,direct,NVDA,NVIDIA,direct,0.195249,0.109279,0.08597,2026-01-12,2026-08-31,0
155,direct,GOOGL,Alphabet,direct,0.023901,0.109279,-0.085378,2026-01-12,2026-08-31,0
155,direct,MSFT,Microsoft,direct,0.069844,0.109279,-0.039434,2026-01-12,2026-08-31,0
155,direct,AMZN,Amazon,direct,0.053962,0.109279,-0.055317,2026-01-12,2026-08-31,0
155,direct,SMCI,Super Micro Computer,direct,0.218791,0.109279,0.109513,2026-01-12,2026-09-01,0
156,all,CEG,Constellation Energy,exposed,-0.178261,0.109279,-0.28754,2026-01-12,2026-08-31,0
156,all,SMR,NuScale Power,direct,-0.529919,0.109279,-0.639198,2026-01-12,2026-08-31,0
156,all,OKLO,Oklo,direct,-0.604195,0.109279,-0.713474,2026-01-12,2026-08-31,0
156,all,BWXT,BWX Technologies,direct,-0.259776,0.109279,-0.369055,2026-01-12,2026-08-31,0
156,all,GEV,GE Vernova,exposed,0.406025,0.109279,0.296746,2026-01-12,2026-08-31,0
156,all,VST,Vistra,exposed,-0.201819,0.109279,-0.311098,2026-01-12,2026-08-31,0
156,all,CCJ,Cameco,exposed,-0.123235,0.109279,-0.232514,2026-01-12,2026-09-01,0
156,all,UEC,Uranium Energy,exposed,-0.273354,0.109279,-0.382633,2026-01-12,2026-09-01,0
156,direct,SMR,NuScale Power,direct,-0.529919,0.109279,-0.639198,2026-01-12,2026-08-31,0
156,direct,OKLO,Oklo,direct,-0.604195,0.109279,-0.713474,2026-01-12,2026-08-31,0
156,direct,BWXT,BWX Technologies,direct,-0.259776,0.109279,-0.369055,2026-01-12,2026-08-31,0
157,all,ILMN,Illumina,direct,0.467743,0.109279,0.358464,2026-01-12,2026-08-31,0
157,all,NTRA,Natera,exposed,0.367424,0.109279,0.258145,2026-01-12,2026-08-31,0
157,all,VCYT,Veracyte,exposed,-0.00046,0.109279,-0.109739,2026-01-12,2026-09-01,0
157,direct,ILMN,Illumina,direct,0.467743,0.109279,0.358464,2026-01-12,2026-08-31,0
158,all,GOOGL,Alphabet,exposed,0.023901,0.109279,-0.085378,2026-01-12,2026-08-31,0
158,all,MSFT,Microsoft,exposed,0.069844,0.109279,-0.039434,2026-01-12,2026-08-31,0
158,all,META,Meta Platforms,direct,-0.106873,0.109279,-0.216151,2026-01-12,2026-08-31,0
158,all,SNAP,Snap,direct,-0.322344,0.109279,-0.431623,2026-01-12,2026-08-31,0
158,all,SOUN,SoundHound AI,direct,-0.407952,0.109279,-0.517231,2026-01-12,2026-09-01,0
158,direct,META,Meta Platforms,direct,-0.106873,0.109279,-0.216151,2026-01-12,2026-08-31,0
158,direct,SNAP,Snap,direct,-0.322344,0.109279,-0.431623,2026-01-12,2026-08-31,0
158,direct,SOUN,SoundHound AI,direct,-0.407952,0.109279,-0.517231,2026-01-12,2026-09-01,0
159,all,RKLB,Rocket Lab,exposed,-0.27281,0.109279,-0.382089,2026-01-12,2026-08-31,0
159,all,BA,Boeing,direct,-0.133564,0.109279,-0.242843,2026-01-12,2026-08-31,0
159,all,LMT,Lockheed Martin,exposed,0.030189,0.109279,-0.07909,2026-01-12,2026-08-31,0
159,all,NOC,Northrop Grumman,exposed,-0.131944,0.109279,-0.241223,2026-01-12,2026-08-31,0
159,all,LUNR,Intuitive Machines,exposed,-0.233333,0.109279,-0.342612,2026-01-12,2026-09-01,0
159,all,RDW,Redwire,exposed,-0.037523,0.109279,-0.146802,2026-01-12,2026-09-01,0
159,direct,BA,Boeing,direct,-0.133564,0.109279,-0.242843,2026-01-12,2026-08-31,0
160,all,TSLA,Tesla,exposed,-0.180439,0.109279,-0.289718,2026-01-12,2026-08-31,0
160,all,QS,QuantumScape,exposed,-0.478545,0.109279,-0.587824,2026-01-12,2026-08-31,0
160,all,ALB,Albemarle,exposed,-0.198903,0.109279,-0.308182,2026-01-12,2026-08-31,0
161,all,GOOGL,Alphabet,direct,0.023901,0.109279,-0.085378,2026-01-12,2026-08-31,0
161,all,MSFT,Microsoft,direct,0.069844,0.109279,-0.039434,2026-01-12,2026-08-31,0
161,all,GTLB,GitLab,exposed,0.305104,0.109279,0.195825,2026-01-12,2026-08-31,0
161,all,ANET,Arista Networks,exposed,0.585562,0.109279,0.476283,2026-01-12,2026-08-31,0
161,all,PATH,UiPath,direct,0.052204,0.109279,-0.057075,2026-01-12,2026-09-01,0
161,all,AI,C3.ai,direct,-0.269258,0.109279,-0.378537,2026-01-12,2026-09-01,0
161,direct,GOOGL,Alphabet,direct,0.023901,0.109279,-0.085378,2026-01-12,2026-08-31,0
161,direct,MSFT,Microsoft,direct,0.069844,0.109279,-0.039434,2026-01-12,2026-08-31,0
161,direct,PATH,UiPath,direct,0.052204,0.109279,-0.057075,2026-01-12,2026-09-01,0
161,direct,AI,C3.ai,direct,-0.269258,0.109279,-0.378537,2026-01-12,2026-09-01,0
162,all,CRSP,CRISPR Therapeutics,direct,0.03038,0.109279,-0.078899,2026-01-12,2026-08-31,0
162,all,NTLA,Intellia Therapeutics,direct,0.113736,0.109279,0.004457,2026-01-12,2026-08-31,0
162,all,VRTX,Vertex Pharmaceuticals,exposed,0.182223,0.109279,0.072944,2026-01-12,2026-08-31,0
162,all,BEAM,Beam Therapeutics,direct,-0.138617,0.109279,-0.247896,2026-01-12,2026-09-01,0
162,all,VERV,Verve Therapeutics,direct,,-0.088747,,,,1
162,all,PRME,Prime Medicine,direct,-0.165888,0.109279,-0.275167,2026-01-12,2026-09-01,0
162,direct,CRSP,CRISPR Therapeutics,direct,0.03038,0.109279,-0.078899,2026-01-12,2026-08-31,0
162,direct,NTLA,Intellia Therapeutics,direct,0.113736,0.109279,0.004457,2026-01-12,2026-08-31,0
162,direct,BEAM,Beam Therapeutics,direct,-0.138617,0.109279,-0.247896,2026-01-12,2026-09-01,0
162,direct,VERV,Verve Therapeutics,direct,,-0.088747,,,,1
162,direct,PRME,Prime Medicine,direct,-0.165888,0.109279,-0.275167,2026-01-12,2026-09-01,0
163,all,GOOGL,Alphabet,exposed,0.023901,0.109279,-0.085378,2026-01-12,2026-08-31,0
163,all,MSFT,Microsoft,exposed,0.069844,0.109279,-0.039434,2026-01-12,2026-08-31,0
163,all,META,Meta Platforms,exposed,-0.106873,0.109279,-0.216151,2026-01-12,2026-08-31,0
164,all,CRSP,CRISPR Therapeutics,exposed,0.03038,0.109279,-0.078899,2026-01-12,2026-08-31,0
164,all,ILMN,Illumina,exposed,0.467743,0.109279,0.358464,2026-01-12,2026-08-31,0
